"Country (en)","Country (de)","ISO 3166-1 numeric","ISO 3166-1 alpha2","ISO 3166-1 alpha3","Fips10","STANAG 1059","Domain","Dialing prefix","IOC","FIFA","Vehicle code","UN/LOCODE","Maritime","ITU","UIC","MMC","Url"
"Afghanistan","Afghanistan",004,"AF","AFG","AF","AFG","af",93,"AFG","AFG","AFG","AF",401,"AFG","68 AF",412,"https://www.laenderdaten.info/Asien/Afghanistan/index.php"
"Egypt","Ägypten",818,"EG","EGY","EG","EGY","eg",20,"EGY","EGY","ET","EG",622,"EGY","90 ET",602,"https://www.laenderdaten.info/Afrika/Aegypten/index.php"
"Åland Islands","Ålandinseln",248,"AX","ALA",,,"ax",358,,,"AX",,,,,,"https://www.laenderdaten.info/Europa/Aland/index.php"
"Albania","Albanien",008,"AL","ALB","AL","ALB","al",355,"ALB","ALB","AL","AL",201,"ALB","41 AL",276,"https://www.laenderdaten.info/Europa/Albanien/index.php"
"Algeria","Algerien",012,"DZ","DZA","AG","DZA","dz",213,"ALG","ALG","DZ","DZ",605,"ALG","92 DZ",603,"https://www.laenderdaten.info/Afrika/Algerien/index.php"
"American Samoa","Amerikanisch Samoa",016,"AS","ASM","AQ","ASM","as","1-684","ASA","ASA","USA","AS",559,"SMA",,544,"https://www.laenderdaten.info/Ozeanien/Amerikanisch-Samoa/index.php"
"Andorra","Andorra",020,"AD","AND","AN","AND","ad",376,"AND","AND","AND","AD",202,"AND",,213,"https://www.laenderdaten.info/Europa/Andorra/index.php"
"Angola","Angola",024,"AO","AGO","AO","AGO","ao",244,"ANG","ANG","ANG","AO",603,"AGL",,631,"https://www.laenderdaten.info/Afrika/Angola/index.php"
"Anguilla","Anguilla",660,"AI","AIA","AV","AIA","ai",1809,,"AIA","AXA","AI",301,"AIA",,365,"https://www.laenderdaten.info/Amerika/Anguilla/index.php"
"Antarctica","Antarktis",010,"AQ","ATA","AY","ATA","aq",,,,,"AQ",,"ATA",,,"https://www.laenderdaten.info/Ozeanien/Antarktis/index.php"
"Antigua and Barbuda","Antigua und Barbuda",028,"AG","ATG","AC","ATG","ag",1809,"ANT","ATG","AG","AG","304, 305","ATG",,344,"https://www.laenderdaten.info/Amerika/Antigua-Barbuda/index.php"
"Equatorial Guinea","Äquatorialguinea",226,"GQ","GNQ","EK","GNQ","gq",240,"GEQ","EQG","GQ","GQ",631,"GNE",,627,"https://www.laenderdaten.info/Afrika/Aequatorialguinea/index.php"
"Argentina","Argentinien",032,"AR","ARG","AR","ARG","ar",54,"ARG","ARG","RA","AR",701,"ARG",,722,"https://www.laenderdaten.info/Amerika/Argentinien/index.php"
"Armenia","Armenien",051,"AM","ARM","AM","ARM","am",374,"ARM","ARM","AM","AM",216,"ARM","58 ARM",283,"https://www.laenderdaten.info/Asien/Armenien/index.php"
"Aruba","Aruba",533,"AW","ABW","AA","ABW","aw",297,"ARU","ARU","ARU","AW",307,"ABW",,363,"https://www.laenderdaten.info/Amerika/Aruba/index.php"
"Azerbaijan","Aserbaidschan",031,"AZ","AZE","AJ","AZE","az",994,"AZE","AZE","AZ","AZ",423,"AZE","57 AZE",400,"https://www.laenderdaten.info/Asien/Aserbaidschan/index.php"
"Ethiopia","Äthiopien",231,"ET","ETH","ET","ETH","et",251,"ETH","ETH","ETH","ET",624,"ETH",,636,"https://www.laenderdaten.info/Afrika/Aethiopien/index.php"
"Australia","Australien",036,"AU","AUS","AS","AUS","au",61,"AUS","AUS","AUS","AU",503,"AUS","61 AU",505,"https://www.laenderdaten.info/Australien/Australien/index.php"
"Bahamas","Bahamas",044,"BS","BHS","BF","BHS","bs",1809,"BAH","BAH","BS","BS","308, 309, 311","BAH",,364,"https://www.laenderdaten.info/Amerika/Bahamas/index.php"
"Bahrain","Bahrain",048,"BH","BHR","BA","BHR","bh",973,"BRN","BHR","BRN","BH",408,"BHR",,426,"https://www.laenderdaten.info/Asien/Bahrain/index.php"
"Bangladesh","Bangladesch",050,"BD","BGD","BG","BGD","bd",880,"BAN","BAN","BD","BD",405,"BGD","BAN",470,"https://www.laenderdaten.info/Asien/Bangladesch/index.php"
"Barbados","Barbados",052,"BB","BRB","BB","BRB","bb",1809,"BAR","BRB","BDS","BB",314,"BRB",,342,"https://www.laenderdaten.info/Amerika/Barbados/index.php"
"Belarus","Belarus",112,"BY","BLR","BO","BLR","by",375,"BLR","BLR","BY","BY",206,"BLR","21 BLR",257,"https://www.laenderdaten.info/Europa/Belarus/index.php"
"Belgium","Belgien",056,"BE","BEL","BE","BEL","be",32,"BEL","BEL","B","BE",205,"BEL","88 B",206,"https://www.laenderdaten.info/Europa/Belgien/index.php"
"Belize","Belize",084,"BZ","BLZ","BH","BLZ","bz",501,"BIZ","BLZ","BZ","BZ",312,"BLZ",,702,"https://www.laenderdaten.info/Amerika/Belize/index.php"
"Benin","Benin",204,"BJ","BEN","BN","BEN","bj",229,"BEN","BEN","BJ","BJ",610,"BEN",,616,"https://www.laenderdaten.info/Afrika/Benin/index.php"
"Bermuda","Bermuda",060,"BM","BMU","BD","BMU","bm",1809,"BER","BER",,"BM",310,"BER",,350,"https://www.laenderdaten.info/Amerika/Bermuda/index.php"
"Bhutan","Bhutan",064,"BT","BTN","BT","BTN","bt",975,"BHU","BHU","BHT","BT",410,"BTN",,402,"https://www.laenderdaten.info/Asien/Bhutan/index.php"
"Bolivia","Bolivien",068,"BO","BOL","BL","BOL","bo",591,"BOL","BOL","BOL","BO",720,"BOL",,736,"https://www.laenderdaten.info/Amerika/Bolivien/index.php"
"Bosnia and Herzegovina","Bosnien und Herzegowina",070,"BA","BIH","BK","BIH","ba",387,"BIH","BIH","BIH","BA",478,"BIH","44-50 BIH",218,"https://www.laenderdaten.info/Europa/Bosnien-und-Herzegowina/index.php"
"Botswana","Botswana",072,"BW","BWA","BC","BWA","bw",267,"BOT","BOT","RB","BW",611,"BOT",,652,"https://www.laenderdaten.info/Afrika/Botswana/index.php"
"Bouvet Island","Bouvetinsel",074,"BV","BVT","BV","BVT","bv",,,,,,,"BVT",,,"https://www.laenderdaten.info/Amerika/Bouvetinsel/index.php"
"Brazil","Brasilien",076,"BR","BRA","BR","BRA","br",55,"BRA","BRA","BR","BR",710,"B",,724,"https://www.laenderdaten.info/Amerika/Brasilien/index.php"
"British Indian Ocean Territory","Britisches Territorium im Indischen Ozean",086,"IO","IOT","IO","IOT","io",246,,,,"IO",,,,,"https://www.laenderdaten.info/Afrika/Britisches-Territorium-im-Indischen-Ozean/index.php"
"Brunei","Brunei",096,"BN","BRN","BX","BRN","bn",673,"BRU","BRU","BRU","BN",508,"BRU",,528,"https://www.laenderdaten.info/Asien/Brunei/index.php"
"Bulgaria","Bulgarien",100,"BG","BGR","BU","BGR","bg",359,"BUL","BUL","BG","BG",207,"BUL","52 BG",284,"https://www.laenderdaten.info/Europa/Bulgarien/index.php"
"Burkina Faso","Burkina Faso",854,"BF","BFA","UV","BFA","bf",226,"BUR","BFA","BF","BF",633,"BFA",,613,"https://www.laenderdaten.info/Afrika/Burkina-Faso/index.php"
"Burundi","Burundi",108,"BI","BDI","BY","BDI","bi",257,"BDI","BDI","RU","BI",609,"BDI",,642,"https://www.laenderdaten.info/Afrika/Burundi/index.php"
"Chile","Chile",152,"CL","CHL","CI","CHL","cl",56,"CHI","CHI","RCH","CL",725,"CHL",,730,"https://www.laenderdaten.info/Amerika/Chile/index.php"
"China","China",156,"CN","CHN","CH","CHN","cn",86,"CHN","CHN","CHN","CN","412, 413, 414","CHN","33 RC","460, 461","https://www.laenderdaten.info/Asien/China/index.php"
"Cook Islands","Cookinseln",184,"CK","COK","CW","COK","ck",682,"COK","COK",,"CK",518,"CKH",,548,"https://www.laenderdaten.info/Ozeanien/Cookinseln/index.php"
"Costa Rica","Costa Rica",188,"CR","CRI","CS","CRI","cr",506,"CRC","CRC","CR","CR",321,"CTR",,712,"https://www.laenderdaten.info/Amerika/Costa-Rica/index.php"
"Curacao","Curaçao",531,"CW","CUW","UC",,"cw","599-9",,"CUW",,,306,,,,"https://www.laenderdaten.info/Amerika/Curacao/index.php"
"Denmark","Dänemark",208,"DK","DNK","DA","DNK","dk",45,"DEN","DEN","DK","DK","219, 220","DNK","86 DK",238,"https://www.laenderdaten.info/Europa/Daenemark/index.php"
"Democratic Republic of the Congo","Demokratische Republik Kongo",180,"CD","COD","CG","COD","cd",242,"COD","COD","CGO","CD",676,"COD","CD",630,"https://www.laenderdaten.info/Afrika/Kongo-Kinshasa/index.php"
"Germany","Deutschland",276,"DE","DEU","GM","DEU","de",49,"GER","GER","D","DE","211, 218","D","80 D",262,"https://www.laenderdaten.info/Europa/Deutschland/index.php"
"Dominica","Dominica",212,"DM","DMA","DO","DMA","dm",1809,"DMA","DMA","WD","DM",325,"DMA",,366,"https://www.laenderdaten.info/Amerika/Dominica/index.php"
"Dominican Republic","Dominikanische Republik",214,"DO","DOM","DR","DOM","do",1809,"DOM","DOM","DOM","DO",327,"DOM",,370,"https://www.laenderdaten.info/Amerika/Dominikanische-Republik/index.php"
"Djibouti","Dschibuti",262,"DJ","DJI","DJ","DJI","dj",253,"DJI","DJI","DJI","DJ",621,"DJI",,638,"https://www.laenderdaten.info/Afrika/Dschibuti/index.php"
"Ecuador","Ecuador",218,"EC","ECU","EC","ECU","ec",593,"ECU","ECU","EC","EC",735,"EQA",,740,"https://www.laenderdaten.info/Amerika/Ecuador/index.php"
"El Salvador","El Salvador",222,"SV","SLV","ES","SLV","sv",503,"ESA","SLV","ES","SV",359,"SLV",,706,"https://www.laenderdaten.info/Amerika/El-Salvador/index.php"
"Ivory Coast","Elfenbeinküste",384,"CI","CIV","IV","CIV","ci",225,"CIV","CIV","CI","CI",619,"CTI",,612,"https://www.laenderdaten.info/Afrika/Elfenbeinkueste/index.php"
"Eritrea","Eritrea",232,"ER","ERI","ER","ERI","er",291,"ERI","ERI","ER","ER",625,"ERI",,657,"https://www.laenderdaten.info/Afrika/Eritrea/index.php"
"Estonia","Estland",233,"EE","EST","EN","EST","ee",372,"EST","EST","EST","EE",276,"EST","26 EST",248,"https://www.laenderdaten.info/Europa/Estland/index.php"
"Eswatini","Eswatini",748,"SZ","SWZ","WZ","SWZ","sz",268,"SWZ","SWZ","SD","SZ",669,"SWZ",,653,"https://www.laenderdaten.info/Afrika/Eswatini/index.php"
"Falkland Islands","Falklandinseln",238,"FK","FLK","FK","FLK","fk",500,,,,"FK",740,"FLK",,,"https://www.laenderdaten.info/Amerika/Falklandinseln/index.php"
"Faroe Islands","Färöer-Inseln",234,"FO","FRO","FO","FRO","fo",298,,"FRO","FO","FO",231,"FRO",,288,"https://www.laenderdaten.info/Europa/Faeroeer-Inseln/index.php"
"Fiji","Fidschi",242,"FJ","FJI","FJ","FJI","fj",679,"FIJ","FIJ","FJI","FJ",520,"FJI",,542,"https://www.laenderdaten.info/Ozeanien/Fidschi/index.php"
"Finland","Finnland",246,"FI","FIN","FI","FIN","fi",358,"FIN","FIN","FIN","FI",230,"FIN","10 FIN",244,"https://www.laenderdaten.info/Europa/Finnland/index.php"
"Federated States of Micronesia","Föderierte Staaten von Mikronesien",583,"FM","FSM","FM","FSM","fm",691,"FSM","FSM","FSM","FM",510,"FSM",,550,"https://www.laenderdaten.info/Ozeanien/Mikronesien/index.php"
"France","Frankreich",250,"FR","FRA","FR","FRA","fr",33,"FRA","FRA","F","FR","226, 227, 228","F","87 F",208,"https://www.laenderdaten.info/Europa/Frankreich/index.php"
"French Guiana","Französisch-Guayana",254,"GF","GUF","FG","GUF","gf",594,,"GUF",,"GF",745,"GUF",,742,"https://www.laenderdaten.info/Amerika/Franzoesisch-Guayana/index.php"
"French Polynesia","Französisch-Polynesien",258,"PF","PYF","FP","PYF","pf",689,,"TAH",,"PF",546,"OCE",,547,"https://www.laenderdaten.info/Ozeanien/Franzoesisch-Polynesien/index.php"
"French Southern and Antarctic Lands","Französische Süd- und Antarktisgebiete",260,"TF","ATF","FS","ATF","tf",,,,,,635,,,,"https://www.laenderdaten.info/Ozeanien/Franzoesische-Antarktis/index.php"
"Principality of Monaco","Fürstentum Monaco",492,"MC","MCO","MN","MCO","mc",3393,"MON",,"MC","MC",254,"MCO",,212,"https://www.laenderdaten.info/Europa/Monaco/index.php"
"Gabon","Gabun",266,"GA","GAB","GB","GAB","ga",241,"GAB","GAB","G","GA",626,"GAB",,628,"https://www.laenderdaten.info/Afrika/Gabun/index.php"
"Gambia","Gambia",270,"GM","GMB","GA","GMB","gm",220,"GAM","GAM","WAG","GM",629,"GMB",,607,"https://www.laenderdaten.info/Afrika/Gambia/index.php"
"Georgia","Georgien",268,"GE","GEO","GG","GEO","ge",995,"GEO","GEO","GE","GE",213,"GEO","28 GE",282,"https://www.laenderdaten.info/Asien/Georgien/index.php"
"Ghana","Ghana",288,"GH","GHA","GH","GHA","gh",233,"GHA","GHA","GH","GH",627,"GHA",,620,"https://www.laenderdaten.info/Afrika/Ghana/index.php"
"Gibraltar","Gibraltar",292,"GI","GIB","GI","GIB","gi",350,,"GIB","GBZ","GI",236,"GIB",,266,"https://www.laenderdaten.info/Europa/Gibraltar/index.php"
"Grenada","Grenada",308,"GD","GRD","GJ","GRD","gd",1809,"GRN","GRN","WG","GD",330,"GRD",,352,"https://www.laenderdaten.info/Amerika/Grenada/index.php"
"Greece","Griechenland",300,"GR","GRC","GR","GRC","gr",30,"GRE","GRE","GR","GR","237, 239, 240, 241","GRC","73 GR",202,"https://www.laenderdaten.info/Europa/Griechenland/index.php"
"Greenland","Grönland",304,"GL","GRL","GL","GRL","gl",299,,,"KN","GL",331,"GRL",,290,"https://www.laenderdaten.info/Amerika/Groenland/index.php"
"Guadeloupe","Guadeloupe",312,"GP","GLP","GP","GLP","gp",590,,"GPE",,"GP",329,,,340,"https://www.laenderdaten.info/Amerika/Guadeloupe/index.php"
"Guam","Guam",316,"GU","GUM","GQ","GUM","gu",671,"GUM","GUM",,"GU",,"GUM",,535,"https://www.laenderdaten.info/Ozeanien/Guam/index.php"
"Guatemala","Guatemala",320,"GT","GTM","GT","GTM","gt",502,"GUA","GUA","GCA","GT",332,"GTM",,704,"https://www.laenderdaten.info/Amerika/Guatemala/index.php"
"Guernsey","Guernsey",831,"GG","GGY","GK",,"gg",44,,,"GBG",,,,,,"https://www.laenderdaten.info/Europa/Guernsey/index.php"
"Guinea","Guinea",324,"GN","GIN","GV","GIN","gn",224,"GUI","GUI","RG","GN",632,"GUI",,611,"https://www.laenderdaten.info/Afrika/Guinea/index.php"
"Guinea-Bissau","Guinea-Bissau",624,"GW","GNB","PU","GNB","gw",245,"GBS","GNB","GUB","GW",630,"GNB",,632,"https://www.laenderdaten.info/Afrika/Guinea-Bissau/index.php"
"Guyana","Guyana",328,"GY","GUY","GY","GUY","gy",592,"GUY","GUY","GUY","GY",750,"GUY",,738,"https://www.laenderdaten.info/Amerika/Guyana/index.php"
"Haiti","Haiti",332,"HT","HTI","HA","HTI","ht",509,"HAI","HAI","RH","HT",336,"HTI",,372,"https://www.laenderdaten.info/Amerika/Haiti/index.php"
"Heard Island and McDonald Islands","Heard und McDonald Inseln",334,"HM","HMD","HM","HMD","hm",,,,,"HM",,"HMD",,,"https://www.laenderdaten.info/Australien/Heard-und-McDonaldinseln/index.php"
"Honduras","Honduras",340,"HN","HND","HO","HND","hn",504,"HON","HON","HN","HN",334,"HND",,708,"https://www.laenderdaten.info/Amerika/Honduras/index.php"
"Hong Kong","Hongkong",344,"HK","HKG","HK","HKG","hk",852,"HKG","HKG","HK","HK",477,"HKG",,454,"https://www.laenderdaten.info/Asien/Hongkong/index.php"
"India","Indien",356,"IN","IND","IN","IND","in",91,"IND","IND","IND","IN",419,"IND",,"404, 405","https://www.laenderdaten.info/Asien/Indien/index.php"
"Indonesia","Indonesien",360,"ID","IDN","ID","IDN","id",62,"INA","IDN","RI","ID",525,"INS",,510,"https://www.laenderdaten.info/Asien/Indonesien/index.php"
"Isle of Man","Insel Man",833,"IM","IMN",,,"im","44-1624",,,,,,,,,"https://www.laenderdaten.info/Europa/Insel-Man/index.php"
"Iraq","Irak",368,"IQ","IRQ","IZ","IRQ","iq",964,"IRQ","IRQ","IRQ","IQ",425,"IRQ","99 IRQ",418,"https://www.laenderdaten.info/Asien/Irak/index.php"
"Iran","Iran",364,"IR","IRN","IR","IRN","ir",98,"IRI","IRN","IR","IR",422,"IRN","98 IR",432,"https://www.laenderdaten.info/Asien/Iran/index.php"
"Ireland","Irland",372,"IE","IRL","EI","IRL","ie",353,"IRL","IRL","IRL","IE",250,"IRL","60 IRL",272,"https://www.laenderdaten.info/Europa/Irland/index.php"
"Iceland","Island",352,"IS","ISL","IC","ISL","is",354,"ISL","ISL","IS","IS",251,"ISL",,274,"https://www.laenderdaten.info/Europa/Island/index.php"
"Israel","Israel",376,"IL","ISR","IS","ISR","il",972,"ISR","ISR","IL","IL",428,"ISR","95 IL",425,"https://www.laenderdaten.info/Asien/Israel/index.php"
"Italy","Italien",380,"IT","ITA","IT","ITA","it",39,"ITA","ITA","I","IT",247,"I","83 I",222,"https://www.laenderdaten.info/Europa/Italien/index.php"
"Jamaica","Jamaika",388,"JM","JAM","JM","JAM","jm",1876,"JAM","JAM","JA","JM",339,"JMC",,338,"https://www.laenderdaten.info/Amerika/Jamaika/index.php"
"Japan","Japan",392,"JP","JPN","JA","JPN","jp",81,"JPN","JPN","J","JP","431, 432","J","42 J","440, 441","https://www.laenderdaten.info/Asien/Japan/index.php"
"Yemen","Jemen",887,"YE","YEM","YM","YEM","ye",967,"YEM","YEM","YEM","YE","473, 475","YEM",,421,"https://www.laenderdaten.info/Asien/Jemen/index.php"
"Jersey","Jersey",832,"JE","JEY","JE",,"je",44,,,"GBJ",,,,,,"https://www.laenderdaten.info/Europa/Jersey/index.php"
"Jordan","Jordanien",400,"JO","JOR","JO","JOR","jo",962,"JOR","JOR","JOR","JO",438,"JOR",,416,"https://www.laenderdaten.info/Asien/Jordanien/index.php"
"British Virgin Islands","Jungferninseln (UK)",092,"VG","VGB","VI","VGB","vg","1-284","IVB","VGB","VG","VG",378,"VRG",,348,"https://www.laenderdaten.info/Amerika/Jungferninseln-UK/index.php"
"Virgin Islands","Jungferninseln (US)",850,"VI","VIR","VQ","VIR","vi",1809,"ISV","VIR",,"VI",379,"VIR",,332,"https://www.laenderdaten.info/Amerika/Jungferninseln-US/index.php"
"Cayman Islands","Kaimaninseln",136,"KY","CYM","CJ","CYM","ky",1809,"CAY","CAY",,"KY",319,"CYM",,346,"https://www.laenderdaten.info/Amerika/Kaimaninseln/index.php"
"Cambodia","Kambodscha",116,"KH","KHM","CB","KHM","kh",855,"CAM","CAM","K","KH","514, 515","CBG",,456,"https://www.laenderdaten.info/Asien/Kambodscha/index.php"
"Cameroon","Kamerun",120,"CM","CMR","CM","CMR","cm",237,"CMR","CMR","CAM","CM",613,"CME",,624,"https://www.laenderdaten.info/Afrika/Kamerun/index.php"
"Canada","Kanada",124,"CA","CAN","CA","CAN","ca",1,"CAN","CAN","CDN","CA",316,"CAN","CA",302,"https://www.laenderdaten.info/Amerika/Kanada/index.php"
"Cape Verde","Kap Verde",132,"CV","CPV","CV","CPV","cv",238,"CPV","CPV","CV","CV",617,"CPV",,625,"https://www.laenderdaten.info/Afrika/Kap-Verde/index.php"
"Caribbean Netherlands","Karibische Niederlande",535,"BQ","BES",,,"bq","599-3/4/7",,,"NL",,306,,,362,"https://www.laenderdaten.info/Amerika/Karibische-Niederlande/index.php"
"Kazakhstan","Kasachstan",398,"KZ","KAZ","KZ","KAZ","kz",7,"KAZ","KAZ","KZ","KZ",436,"KAZ","27 KZ",401,"https://www.laenderdaten.info/Asien/Kasachstan/index.php"
"Qatar","Katar",634,"QA","QAT","QA","QAT","qa",974,"QAT","QAT","Q","QA",466,"QAT",,427,"https://www.laenderdaten.info/Asien/Katar/index.php"
"Kenya","Kenia",404,"KE","KEN","KE","KEN","ke",254,"KEN","KEN","EAK","KE",634,"KEN",,639,"https://www.laenderdaten.info/Afrika/Kenia/index.php"
"Kyrgyzstan","Kirgisistan",417,"KG","KGZ","KG","KGZ","kg",996,"KGZ","KGZ","KS","KG",451,"KGZ","59 KS",437,"https://www.laenderdaten.info/Asien/Kirgisistan/index.php"
"Kiribati","Kiribati",296,"KI","KIR","KR","KIR","ki",686,"KIR","KIR","KIR","KI",529,"KIR",,545,"https://www.laenderdaten.info/Ozeanien/Kiribati/index.php"
"Cocos (Keeling) Islands","Kokosinseln",166,"CC","CCK","CK","AUS","cc",891,,,,"CC",523,"ICO",,,"https://www.laenderdaten.info/Australien/Kokosinseln/index.php"
"Colombia","Kolumbien",170,"CO","COL","CO","COL","co",57,"COL","COL","CO","CO",730,"CLM",,732,"https://www.laenderdaten.info/Amerika/Kolumbien/index.php"
"Comoros","Komoren",174,"KM","COM","CN","COM","km",269,"COM","COM","COM","KM","616, 620","COM",,654,"https://www.laenderdaten.info/Afrika/Komoren/index.php"
"Kosovo","Kosovo",,"XK","XKX","KV",,"ko",383,"KOS","KVX","RKS",,,,,,"https://www.laenderdaten.info/Europa/Kosovo/index.php"
"Croatia","Kroatien",191,"HR","HRV","HR","HRV","hr",385,"CRO","CRO","HR","HR",238,"HRV","78 HR",219,"https://www.laenderdaten.info/Europa/Kroatien/index.php"
"Cuba","Kuba",192,"CU","CUB","CU","CUB","cu",53,"CUB","CUB","C","CU",323,"CUB","40 C",368,"https://www.laenderdaten.info/Amerika/Kuba/index.php"
"Kuwait","Kuwait",414,"KW","KWT","KU","KWT","kw",965,"KUW","KUW","KWT","KW",447,"KWT",,419,"https://www.laenderdaten.info/Asien/Kuwait/index.php"
"Laos","Laos",418,"LA","LAO","LA","LAO","la",856,"LAO","LAO","LAO","LA",531,"LAO",,457,"https://www.laenderdaten.info/Asien/Laos/index.php"
"Lesotho","Lesotho",426,"LS","LSO","LT","LSO","ls",266,"LES","LES","LS","LS",644,"LSO",,651,"https://www.laenderdaten.info/Afrika/Lesotho/index.php"
"Latvia","Lettland",428,"LV","LVA","LG","LVA","lv",371,"LAT","LVA","LV","LV",275,"LVA","25 LV",247,"https://www.laenderdaten.info/Europa/Lettland/index.php"
"Lebanon","Libanon",422,"LB","LBN","LE","LBN","lb",961,"LBN","LIB","RL","LB",450,"LBN",,415,"https://www.laenderdaten.info/Asien/Libanon/index.php"
"Liberia","Liberia",430,"LR","LBR","LI","LBR","lr",231,"LBR","LBR","LB","LR","636, 637","LBR",,618,"https://www.laenderdaten.info/Afrika/Liberia/index.php"
"Libya","Libyen",434,"LY","LBY","LY","LBY","ly",218,"LBA","LBY","LAR","LY",642,"LBY",,606,"https://www.laenderdaten.info/Afrika/Libyen/index.php"
"Liechtenstein","Liechtenstein",438,"LI","LIE","LS","LIE","li",423,"LIE","LIE","FL","LI",252,"LIE",,295,"https://www.laenderdaten.info/Europa/Liechtenstein/index.php"
"Lithuania","Litauen",440,"LT","LTU","LH","LTU","lt",370,"LTU","LTU","LT","LT",277,"LTU","24 LT",246,"https://www.laenderdaten.info/Europa/Litauen/index.php"
"Luxembourg","Luxemburg",442,"LU","LUX","LU","LUX","lu",352,"LUX","LUX","L","LU",253,"LUX","82 L",270,"https://www.laenderdaten.info/Europa/Luxemburg/index.php"
"Macao","Macau",446,"MO","MAC","MC","MAC","mo",853,,"MAC",,"MO",453,"MAC",,455,"https://www.laenderdaten.info/Asien/Macau/index.php"
"Madagascar","Madagaskar",450,"MG","MDG","MA","MDG","mg",261,"MAD","MAD","RM","MG",647,"MDG",,646,"https://www.laenderdaten.info/Afrika/Madagaskar/index.php"
"Malawi","Malawi",454,"MW","MWI","MI","MWI","mw",265,"MAW","MWI","MW","MW",655,"MWI",,650,"https://www.laenderdaten.info/Afrika/Malawi/index.php"
"Malaysia","Malaysia",458,"MY","MYS","MY","MYS","my",60,"MAS","MAS","MAL","MY",533,"MLA",,502,"https://www.laenderdaten.info/Asien/Malaysia/index.php"
"Maldives","Malediven",462,"MV","MDV","MV","MDV","mv",960,"MDV","MDV","MV","MV",455,"MLD",,472,"https://www.laenderdaten.info/Asien/Malediven/index.php"
"Mali","Mali",466,"ML","MLI","ML","MLI","ml",223,"MLI","MLI","RMM","ML",649,"MLI",,610,"https://www.laenderdaten.info/Afrika/Mali/index.php"
"Malta","Malta",470,"MT","MLT","MT","MLT","mt",356,"MLT","MLT","M","MT","215, 229, 248, 249, 256","MLT",,278,"https://www.laenderdaten.info/Europa/Malta/index.php"
"Morocco","Marokko",504,"MA","MAR","MO","MAR","ma",212,"MAR","MAR","MA","MA",242,"MRC","93 MA",604,"https://www.laenderdaten.info/Afrika/Marokko/index.php"
"Marshall Islands","Marshallinseln",584,"MH","MHL","RM","MHL","mh",692,"MHL",,"MH","MH",538,"MHL",,551,"https://www.laenderdaten.info/Ozeanien/Marshallinseln/index.php"
"Martinique","Martinique",474,"MQ","MTQ","MB","MTQ","mq",596,,"MTQ",,"MQ",347,"MRT",,340,"https://www.laenderdaten.info/Amerika/Martinique/index.php"
"Mauritania","Mauretanien",478,"MR","MRT","MR","MRT","mr",222,"MTN","MTN","RIM","MR",654,"MTN",,609,"https://www.laenderdaten.info/Afrika/Mauretanien/index.php"
"Mauritius","Mauritius",480,"MU","MUS","MP","MUS","mu",230,"MRI","MRI","MS","MU",645,"MAU",,617,"https://www.laenderdaten.info/Afrika/Mauritius/index.php"
"Mayotte","Mayotte",175,"YT","MYT","MF","FRA","yt",269,,,,"YT",,"MYT",,,"https://www.laenderdaten.info/Afrika/Mayotte/index.php"
"Mexico","Mexiko",484,"MX","MEX","MX","MEX","mx",52,"MEX","MEX","MEX","MX",345,"MEX",,334,"https://www.laenderdaten.info/Amerika/Mexiko/index.php"
"Moldova","Moldawien",498,"MD","MDA","MD","MDA","md",373,"MDA","MDA","MD","MD",214,"MDA","23 MD",259,"https://www.laenderdaten.info/Europa/Moldawien/index.php"
"Mongolia","Mongolei",496,"MN","MNG","MG","MNG","mn",976,"MGL","MNG","MGL","MN",457,"MNG","31 MGL",428,"https://www.laenderdaten.info/Asien/Mongolei/index.php"
"Montenegro","Montenegro",499,"ME","MNE","MJ",,"me",382,"MNE","MNE","MNE","ME",262,"MNE","62 CG",297,"https://www.laenderdaten.info/Europa/Montenegro/index.php"
"Montserrat","Montserrat",500,"MS","MSR","MH","MSR","ms",1809,,"MSR",,"MS",348,"MSR",,354,"https://www.laenderdaten.info/Amerika/Montserrat/index.php"
"Mozambique","Mosambik",508,"MZ","MOZ","MZ","MOZ","mz",258,"MOZ","MOZ","MOC","MZ",650,"MOZ",,643,"https://www.laenderdaten.info/Afrika/Mosambik/index.php"
"Myanmar","Myanmar",104,"MM","MMR","BM","MMR","mm",95,"MYA","MYA","MYA","MM",506,"BRM",,414,"https://www.laenderdaten.info/Asien/Myanmar/index.php"
"Namibia","Namibia",516,"NA","NAM","WA","NAM","na",264,"NAM","NAM","NAM","NA",659,"NMB",,649,"https://www.laenderdaten.info/Afrika/Namibia/index.php"
"Nauru","Nauru",520,"NR","NRU","NR","NRU","nr",674,"NRU",,"NAU","NR",544,"NRU",,536,"https://www.laenderdaten.info/Ozeanien/Nauru/index.php"
"Nepal","Nepal",524,"NP","NPL","NP","NPL","np",977,"NEP","NEP","NEP","NP",459,"NPL",,429,"https://www.laenderdaten.info/Asien/Nepal/index.php"
"New Caledonia","Neukaledonien",540,"NC","NCL","NC","NCL","nc",687,,"NCL","NCL","NC",540,"NCL",,546,"https://www.laenderdaten.info/Ozeanien/Neukaledonien/index.php"
"New Zealand","Neuseeland",554,"NZ","NZL","NZ","NZL","nz",64,"NZL","NZL","NZ","NZ",512,"NZL","64 NZ",530,"https://www.laenderdaten.info/Australien/Neuseeland/index.php"
"Nicaragua","Nicaragua",558,"NI","NIC","NU","NIC","ni",505,"NCA","NCA","NIC","NI",350,"NCG",,710,"https://www.laenderdaten.info/Amerika/Nicaragua/index.php"
"Netherlands","Niederlande",528,"NL","NLD","NL","NLD","nl",31,"NED","NED","NL","NL","244, 245, 246","HOL","84 NL",204,"https://www.laenderdaten.info/Europa/Niederlande/index.php"
"Niger","Niger",562,"NE","NER","NG","NER","ne",227,"NIG","NIG","RN","NE",656,"NGR",,614,"https://www.laenderdaten.info/Afrika/Niger/index.php"
"Nigeria","Nigeria",566,"NG","NGA","NI","NGA","ng",234,"NGR","NGR","NGR","NG",657,"NIG",,621,"https://www.laenderdaten.info/Afrika/Nigeria/index.php"
"Niue","Niue",570,"NU","NIU","NE","NIU","nu",683,,"NIU",,"NU",542,"NIU",,,"https://www.laenderdaten.info/Ozeanien/Niue/index.php"
"North Korea","Nordkorea",408,"KP","PRK","KN","PRK","kp",850,"PRK","PRK","KP","KP",445,"KRE","30 PRK",467,"https://www.laenderdaten.info/Asien/Nordkorea/index.php"
"Northern Mariana Islands","Nördliche Marianen",580,"MP","MNP","CQ","MNP","mp","1-670",,"NMI",,"MP",536,"MRA",,534,"https://www.laenderdaten.info/Ozeanien/Noerdliche-Marianen/index.php"
"North Macedonia","Nordmazedonien",807,"MK","MKD","MK","FYR","mk",389,"MKD","MKD","MK","MK",274,"MKD","65 MK",294,"https://www.laenderdaten.info/Europa/Nordmazedonien/index.php"
"Norfolk Island","Norfolkinsel",574,"NF","NFK","NF","NFK","nf",6723,,,,"NF",,"NFK",,,"https://www.laenderdaten.info/Australien/Norfolkinsel/index.php"
"Norway","Norwegen",578,"NO","NOR","NO","NOR","no",47,"NOR","NOR","N","NO","257, 258, 259","NOR","76 N",242,"https://www.laenderdaten.info/Europa/Norwegen/index.php"
"Oman","Oman",512,"OM","OMN","MU","OMN","om",968,"OMA","OMA","OM","OM",461,"OMA",,422,"https://www.laenderdaten.info/Asien/Oman/index.php"
"Austria","Österreich",040,"AT","AUT","AU","AUT","at",43,"AUT","AUT","A","AT",203,"AUT","81 A",232,"https://www.laenderdaten.info/Europa/Oesterreich/index.php"
"East Timor","Osttimor",626,"TL","TLS","TT","TLS","tl",670,"TLS","TLS","TL","TL",,"TLS",,514,"https://www.laenderdaten.info/Asien/Osttimor/index.php"
"Pakistan","Pakistan",586,"PK","PAK","PK","PAK","pk",92,"PAK","PAK","PK","PK",463,"PAK",,410,"https://www.laenderdaten.info/Asien/Pakistan/index.php"
"Palestine","Palästina",275,"PS","PSE","WE","PSE","ps",970,"PLE","PLE","WB",,443,,,,"https://www.laenderdaten.info/Asien/Palaestina/index.php"
"Palau","Palau",585,"PW","PLW","PS","PLW","pw",680,"PLW","PLW","PAL","PW",511,"PLW",,552,"https://www.laenderdaten.info/Ozeanien/Palau/index.php"
"Panama","Panama",591,"PA","PAN","PM","PAN","pa",507,"PAN","PAN","PA","PA","351, 352, 353, 354, 355, 356, 3","PNR",,714,"https://www.laenderdaten.info/Amerika/Panama/index.php"
"Papua New Guinea","Papua-Neuguinea",598,"PG","PNG","PP","PNG","pg",675,"PNG","PNG","PNG","PG",553,"PNG",,537,"https://www.laenderdaten.info/Ozeanien/Papua-Neuguinea/index.php"
"Paraguay","Paraguay",600,"PY","PRY","PA","PRY","py",595,"PAR","PAR","PY","PY",755,"PRG",,744,"https://www.laenderdaten.info/Amerika/Paraguay/index.php"
"Peru","Peru",604,"PE","PER","PE","PER","pe",51,"PER","PER","PE","PE",760,"PRU",,716,"https://www.laenderdaten.info/Amerika/Peru/index.php"
"Philippines","Philippinen",608,"PH","PHL","RP","PHL","ph",63,"PHI","PHI","RP","PH",548,"PHL",,515,"https://www.laenderdaten.info/Asien/Philippinen/index.php"
"Pitcairn Islands","Pitcairninseln",612,"PN","PCN","PC","PCN","pn",649,,,,"PN",555,"PTC",,,"https://www.laenderdaten.info/Ozeanien/Pitcairninseln/index.php"
"Poland","Polen",616,"PL","POL","PL","POL","pl",48,"POL","POL","PL","PL",261,"POL","51 PL",260,"https://www.laenderdaten.info/Europa/Polen/index.php"
"Portugal","Portugal",620,"PT","PRT","PO","PRT","pt",351,"POR","POR","P","PT","255, 263","POR","94 P",268,"https://www.laenderdaten.info/Europa/Portugal/index.php"
"Puerto Rico","Puerto Rico",630,"PR","PRI","RQ","PRI","pr",1809,"PUR","PUR","PRI","PR",358,"PTR",,330,"https://www.laenderdaten.info/Amerika/Puerto-Rico/index.php"
"Republic of the Congo","Republik Kongo",178,"CG","COG","CF","COG","cg",242,"CGO","CGO","RCB","CG",615,"COG",,629,"https://www.laenderdaten.info/Afrika/Kongo-Brazzaville/index.php"
"Reunion","Réunion",638,"RE","REU","RE","REU","re",262,,"REU",,"RE",660,"REU",,647,"https://www.laenderdaten.info/Afrika/Reunion/index.php"
"Rwanda","Ruanda",646,"RW","RWA","RW","RWA","rw",250,"RWA","RWA","RWA","RW",661,"RRW",,635,"https://www.laenderdaten.info/Afrika/Ruanda/index.php"
"Romania","Rumänien",642,"RO","ROU","RO","ROU","ro",40,"ROU","ROU","RO","RO",264,"ROU","53 RO",226,"https://www.laenderdaten.info/Europa/Rumaenien/index.php"
"Russia","Russland",643,"RU","RUS","RS","RUS","ru",7,"RUS","RUS","RUS","RU",273,"RUS","20 RUS",250,"https://www.laenderdaten.info/Europa/Russland/index.php"
"Saint Martin","Saint Martin",663,"MF","MAF","RN",,"mf",590,,"SMT","F",,,,,,"https://www.laenderdaten.info/Amerika/Saint-Martin/index.php"
"Solomon Islands","Salomonen",090,"SB","SLB","BP","SLB","sb",677,"SOL","SOL","SOL","SB",557,"SLM",,540,"https://www.laenderdaten.info/Ozeanien/Salomonen/index.php"
"Zambia","Sambia",894,"ZM","ZMB","ZA","ZMB","zm",260,"ZAM","ZAM","Z","ZM",678,"ZMB",,645,"https://www.laenderdaten.info/Afrika/Sambia/index.php"
"Samoa","Samoa",882,"WS","WSM","WS","WSM","ws",685,"SAM","SAM","WS","WS",561,"SMO",,549,"https://www.laenderdaten.info/Ozeanien/Samoa/index.php"
"San Marino","San Marino",674,"SM","SMR","SM","SMR","sm",378,"SMR","SMR","RSM","SM",268,"SMR",,292,"https://www.laenderdaten.info/Europa/San-Marino/index.php"
"Saint Barthelemy","Sankt Bartholomäus",652,"BL","BLM","TB",,"bl",590,,,,,,,,,"https://www.laenderdaten.info/Amerika/Sankt-Bartholomaeus/index.php"
"Sao Tome and Principe","São Tomé und Príncipe",678,"ST","STP","TP","STP","st",239,"STP","STP","STP","ST",668,"STP",,626,"https://www.laenderdaten.info/Afrika/Sao-Tome-und-Principe/index.php"
"Saudi Arabia","Saudi-Arabien",682,"SA","SAU","SA","SAU","sa",966,"KSA","KSA","KSA","SA",403,"ARS",,420,"https://www.laenderdaten.info/Asien/Saudi-Arabien/index.php"
"Sweden","Schweden",752,"SE","SWE","SW","SWE","se",46,"SWE","SWE","S","SE","265, 266","S","74 S",240,"https://www.laenderdaten.info/Europa/Schweden/index.php"
"Switzerland","Schweiz",756,"CH","CHE","SZ","CHE","ch",41,"SUI","SUI","CH","CH",269,"SUI","85 CH",228,"https://www.laenderdaten.info/Europa/Schweiz/index.php"
"Senegal","Senegal",686,"SN","SEN","SG","SEN","sn",221,"SEN","SEN","SN","SN",663,"SEN",,608,"https://www.laenderdaten.info/Afrika/Senegal/index.php"
"Serbia","Serbien",688,"RS","SRB","RI",,"rs",381,"SRB","SRB","SRB","RS",279,"SRB","72 SRB",220,"https://www.laenderdaten.info/Europa/Serbien/index.php"
"Seychelles","Seychellen",690,"SC","SYC","SE","SYC","sc",248,"SEY","SEY","SY","SC",664,"SEY",,633,"https://www.laenderdaten.info/Afrika/Seychellen/index.php"
"Sierra Leone","Sierra Leone",694,"SL","SLE","SL","SLE","sl",232,"SLE","SLE","WAL","SL",667,"SRL",,619,"https://www.laenderdaten.info/Afrika/Sierra-Leone/index.php"
"Zimbabwe","Simbabwe",716,"ZW","ZWE","ZI","ZWE","zw",263,"ZIM","ZIM","ZW","ZW",679,"ZWE",,648,"https://www.laenderdaten.info/Afrika/Simbabwe/index.php"
"Singapore","Singapur",702,"SG","SGP","SN","SGP","sg",65,"SGP","SIN","SGP","SG","563, 564, 565, 566","SNG",,525,"https://www.laenderdaten.info/Asien/Singapur/index.php"
"Sint Maarten","Sint Maarten",534,"SX","SXM","NN",,"sx","1-721",,,,,306,,,,"https://www.laenderdaten.info/Amerika/Sint-Maarten/index.php"
"Slovakia","Slowakei",703,"SK","SVK","LO","SVK","sk",42,"SVK","SVK","SK","SK",267,"SVK","56 SK",231,"https://www.laenderdaten.info/Europa/Slowakei/index.php"
"Slovenia","Slowenien",705,"SI","SVN","SI","SVN","si",386,"SLO","SVN","SLO","SI",278,"SVN","79 SLO",293,"https://www.laenderdaten.info/Europa/Slowenien/index.php"
"Somalia","Somalia",706,"SO","SOM","SO","SOM","so",252,"SOM","SOM","SO","SO",666,"SOM",,637,"https://www.laenderdaten.info/Afrika/Somalia/index.php"
"Spain","Spanien",724,"ES","ESP","SP","ESP","es",34,"ESP","ESP","E","ES","224, 225","E","71 ES",214,"https://www.laenderdaten.info/Europa/Spanien/index.php"
"Sri Lanka","Sri Lanka",144,"LK","LKA","CE","LKA","lk",94,"SRI","SRI","CL","LK",417,"CLN",,413,"https://www.laenderdaten.info/Asien/Sri-Lanka/index.php"
"Saint Helena, Ascension and Tristan da Cunha","St. Helena, Ascension und Tristan da Cunha",654,"SH","SHN","SH","SHN","sh",290,,,,"SH","608, 665",,,,"https://www.laenderdaten.info/Afrika/St-Helena/index.php"
"Saint Kitts and Nevis","St. Kitts und Nevis",659,"KN","KNA","SC","KNA","kn",1809,"SKN","SKN","KAN","KN",341,"KNA",,356,"https://www.laenderdaten.info/Amerika/St-Kitts-Nevis/index.php"
"Saint Lucia","St. Lucia",662,"LC","LCA","ST","LCA","lc",1809,"LCA","LCA","WL","LC",343,"LCA",,358,"https://www.laenderdaten.info/Amerika/St-Lucia/index.php"
"Saint Pierre and Miquelon","St. Pierre und Miquelon",666,"PM","SPM","SB","SPM","pm",508,,,,"PM",361,"SPM",,308,"https://www.laenderdaten.info/Amerika/St-Pierre-Miquelon/index.php"
"Saint Vincent and the Grenadines","St. Vincent und die Grenadinen",670,"VC","VCT","VC","VCT","vc",1809,"VIN","VIN","WV","VC","375, 376, 377","VCT",,360,"https://www.laenderdaten.info/Amerika/St-Vincent-Grenadinen/index.php"
"South Africa","Südafrika",710,"ZA","ZAF","SF","ZAF","za",27,"RSA","RSA","ZA","ZA",601,"AFS","ZA",655,"https://www.laenderdaten.info/Afrika/Suedafrika/index.php"
"Sudan","Sudan",736,"SD","SDN","SU","SDN","sd",249,"SUD","SDN","SUD","SD",662,"SDN",,634,"https://www.laenderdaten.info/Afrika/Sudan/index.php"
"South Georgia and South Sandwich Islands","Südgeorgien und die Südlichen Sandwichinseln",239,"GS","SGS","SX","SGS","gs",500,,,,"GS",,,,,"https://www.laenderdaten.info/Amerika/Suedgeorgien-Sandwichinseln/index.php"
"South Korea","Südkorea",410,"KR","KOR","KS","KOR","kr",82,"KOR","KOR","ROK","KR","440, 441","KOR","61 ROK",450,"https://www.laenderdaten.info/Asien/Suedkorea/index.php"
"South Sudan","Südsudan",728,"SS","SSD",,,"ss",211,,,"SSD",,638,"SSD",,,"https://www.laenderdaten.info/Afrika/Suedsudan/index.php"
"Suriname","Suriname",740,"SR","SUR","NS","SUR","sr",597,"SUR","SUR","SME","SR",765,"SUR",,746,"https://www.laenderdaten.info/Amerika/Suriname/index.php"
"Svalbard","Svalbard und Jan Mayen",744,"SJ","SJM","SV","SJM","sj",47,,,,"SJ",,,,,"https://www.laenderdaten.info/Europa/Svalbard-und-Jan-Mayen/index.php"
"Syria","Syrien",760,"SY","SYR","SY","SYR","sy",963,"SYR","SYR","SYR","SY",468,"SYR","97 SYR",417,"https://www.laenderdaten.info/Asien/Syrien/index.php"
"Tajikistan","Tadschikistan",762,"TJ","TJK","TI","TJK","tj",992,"TJK","TJK","TJ","TJ",472,"TJK","66 TJ",436,"https://www.laenderdaten.info/Asien/Tadschikistan/index.php"
"Taiwan","Taiwan",158,"TW","TWN","TW","TWN","tw",886,"TPE","TPE","RC","TW",416,,,466,"https://www.laenderdaten.info/Asien/Taiwan/index.php"
"Tanzania","Tansania",834,"TZ","TZA","TZ","TZA","tz",255,"TAN","TAN","EAT","TZ","674, 677","TZA",,640,"https://www.laenderdaten.info/Afrika/Tansania/index.php"
"Thailand","Thailand",764,"TH","THA","TH","THA","th",66,"THA","THA","T","TH",567,"THA",,520,"https://www.laenderdaten.info/Asien/Thailand/index.php"
"Togo","Togo",768,"TG","TGO","TO","TGO","tg",228,"TOG","TOG","TG","TG",671,"TGO",,615,"https://www.laenderdaten.info/Afrika/Togo/index.php"
"Tokelau","Tokelau",772,"TK","TKL","TL","TKL","tk",690,,,,"TK",,"TKL",,,"https://www.laenderdaten.info/Ozeanien/Tokelau/index.php"
"Tonga","Tonga",776,"TO","TON","TN","TON","to",676,"TGA","TGA","TON","TO",570,"TON",,539,"https://www.laenderdaten.info/Ozeanien/Tonga/index.php"
"Trinidad and Tobago","Trinidad und Tobago",780,"TT","TTO","TD","TTO","tt",296,"TTO","TRI","TT","TT",362,"TRD",,374,"https://www.laenderdaten.info/Amerika/Trinidad-und-Tobago/index.php"
"Chad","Tschad",148,"TD","TCD","CD","TCD","td",235,"CHA","CHA","TD","TD",670,"TCD",,622,"https://www.laenderdaten.info/Afrika/Tschad/index.php"
"Czechia","Tschechien",203,"CZ","CZE","EZ","CZE","cz",42,"CZE","CZE","CZ","CZ",270,"CZE","54 CZ",230,"https://www.laenderdaten.info/Europa/Tschechien/index.php"
"Tunisia","Tunesien",788,"TN","TUN","TS","TUN","tn",216,"TUN","TUN","TN","TN",672,"TUN","91 TN",605,"https://www.laenderdaten.info/Afrika/Tunesien/index.php"
"Turkey","Türkei",792,"TR","TUR","TU","TUR","tr",90,"TUR","TUR","TR","TR",271,"TUR","75 TR",286,"https://www.laenderdaten.info/Asien/Tuerkei/index.php"
"Turkmenistan","Turkmenistan",795,"TM","TKM","TX","TKM","tm",993,"TKM","TKM","TM","TM",434,"TKM","67 TM",438,"https://www.laenderdaten.info/Asien/Turkmenistan/index.php"
"Turks and Caicos Islands","Turks und Caicosinseln",796,"TC","TCA","TK","TCA","tc","1-649",,"TCA",,"TC",364,"TCA",,376,"https://www.laenderdaten.info/Amerika/Turks-und-Caicosinseln/index.php"
"Tuvalu","Tuvalu",798,"TV","TUV","TV","TUV","tv",688,"TUV","TUV","TUV","TV",572,"TUV",,,"https://www.laenderdaten.info/Ozeanien/Tuvalu/index.php"
"Uganda","Uganda",800,"UG","UGA","UG","UGA","ug",256,"UGA","UGA","EAU","UG",675,"UGA",,641,"https://www.laenderdaten.info/Afrika/Uganda/index.php"
"Ukraine","Ukraine",804,"UA","UKR","UP","UKR","ua",380,"UKR","UKR","UA","UA",272,"UKR","22 UA",255,"https://www.laenderdaten.info/Europa/Ukraine/index.php"
"Hungary","Ungarn",348,"HU","HUN","HU","HUN","hu",36,"HUN","HUN","H","HU",243,"HNG","55 H",216,"https://www.laenderdaten.info/Europa/Ungarn/index.php"
"Uruguay","Uruguay",858,"UY","URY","UY","URY","uy",598,"URU","URU","ROU","UY",770,"URG",,748,"https://www.laenderdaten.info/Amerika/Uruguay/index.php"
"Uzbekistan","Usbekistan",860,"UZ","UZB","UZ","UZB","uz",998,"UZB","UZB","UZ","UZ",437,"UZB","29 UZ",434,"https://www.laenderdaten.info/Asien/Usbekistan/index.php"
"Vanuatu","Vanuatu",548,"VU","VUT","NH","VUT","vu",678,"VAN","VAN","VAN","VU","576, 577","VUT",,541,"https://www.laenderdaten.info/Ozeanien/Vanuatu/index.php"
"Vatican City","Vatikanstadt",336,"VA","VAT","VT","VAT","va",396,,,"V","VA",208,"CVA",,225,"https://www.laenderdaten.info/Europa/Vatikan/index.php"
"Venezuela","Venezuela",862,"VE","VEN","VE","VEN","ve",58,"VEN","VEN","YV","VE",775,"VEN",,734,"https://www.laenderdaten.info/Amerika/Venezuela/index.php"
"United Arab Emirates","Vereinigte Arabische Emirate",784,"AE","ARE","AE","ARE","ae",971,"UAE","UAE","UAE","AE","470, 471","UAE",,"424, 430, 431","https://www.laenderdaten.info/Asien/Arabische-Emirate/index.php"
"United States of America","Vereinigte Staaten von Amerika",840,"US","USA","US","USA","us",1,"USA","USA","USA","US","338, 366, 367, 368, 369","USA","001 US","310, 311, 312, 313, 314, 315, 316","https://www.laenderdaten.info/Amerika/USA/index.php"
"United Kingdom","Vereinigtes Königreich",826,"GB","GBR","UK","GBR","uk",44,"GBR","GBR","GBM","GB","232, 233, 234, 235","G","70 GB","234, 235","https://www.laenderdaten.info/Europa/Vereinigtes-Koenigreich/index.php"
"Vietnam","Vietnam",704,"VN","VNM","VM","VNM","vn",84,"VIE","VIE","VN","VN",574,"VTN","32 VN",452,"https://www.laenderdaten.info/Asien/Vietnam/index.php"
"Wallis and Futuna","Wallis und Futuna",876,"WF","WLF","WF","WLF","wf",681,,,,"WF",578,"WAL",,543,"https://www.laenderdaten.info/Ozeanien/Wallis-und-Futuna/index.php"
"Christmas Island","Weihnachtsinsel",162,"CX","CXR","KT","CXR","cx",6724,,,,"CX",516,"CHR",,,"https://www.laenderdaten.info/Australien/Weihnachtsinsel/index.php"
"Western Sahara","Westsahara",732,"EH","ESH","WI","ESH","eh",,,,"WSA","EH",,,,,"https://www.laenderdaten.info/Afrika/Westsahara/index.php"
"Central African Republic","Zentralafrikanische Republik",140,"CF","CAF","CT","CAF","cf",236,"CAF","CTA","RCA","CF",612,"CAF",,623,"https://www.laenderdaten.info/Afrika/Zentralafrikanische-Republik/index.php"
"Cyprus","Zypern",196,"CY","CYP","CY","CYP","cy",357,"CYP","CYP","CY","CY","209, 210, 212","CYP",,280,"https://www.laenderdaten.info/Asien/Zypern/index.php"
